department,emails_sent,meetings_hours,collaboration_load,tasks_completed,productivity_score
Engineering,45.01872964169381,10.109470684039088,9.988599348534201,20.105048859934854,43.130342019543974
Finance,44.77114427860697,10.148391376451077,10.071310116086236,20.33665008291874,43.4985240464345
HR,44.83466135458168,10.087450199203186,9.914342629482071,20.045816733067728,42.84581673306773
Marketing,44.666666666666664,9.991640211640211,9.989417989417989,20.06878306878307,43.354642857142856
Operations,45.33028919330289,10.192404870624049,10.105022831050228,19.87062404870624,42.63587519025875
Sales,45.67354838709677,9.932929032258064,10.116129032258064,20.049032258064518,43.423509677419354
Support,44.782881002087684,10.044864300626305,10.041753653444676,20.423799582463467,43.87985386221295
