,count,mean,std,min,25%,50%,75%,max
week,5000.0,6.5414,3.425935411926112,1.0,4.0,7.0,10.0,12.0
emails_sent,5000.0,45.037,6.700523143910512,22.0,40.0,45.0,49.0,70.0
meetings_hours,5000.0,10.071482000000001,3.0222058052458722,0.0,8.0175,10.09,12.15,23.44
collaboration_load,5000.0,10.0314,2.572962896664762,3.0,8.0,10.0,12.0,21.0
tasks_completed,5000.0,20.1126,4.481957031003929,7.0,17.0,20.0,23.0,40.0
productivity_score,5000.0,43.232364000000004,11.066641609937884,9.15,35.71,43.0,50.66,88.71
